Make,Model,
Tata,Nano Genx,
Datsun,Redi-Go,
Renault,Kwid,
Maruti Suzuki,Eeco,
Maruti Suzuki,Alto K10,
Datsun,Go,
Maruti Suzuki,Celerio Tour,
Hyundai,Santro,
Tata,Tiago,
Maruti Suzuki,Celerio X,
Maruti Suzuki,Ignis,
Renault,Triber,
Toyota,Etios Liva,
Nissan,Micra Active,
Tata,Bolt,
Hyundai,Xcent Prime,
Maruti Suzuki,Dzire Tour,
Hyundai,Elite I20,
Hyundai,Aura,
Volkswagen,Polo,
Maruti Suzuki,Dzire,
Ford,Freestyle,
Volkswagen,Ameo,
Ford,Aspire,
Toyota,Platinum Etios,
Toyota,Etios Cross,
Mahindra,Verito Vibe,
Fiat,Urban Cross,
Toyota,Glanza,
Fiat,Avventura,
Honda,Jazz,
Mahindra,Bolero Power Plus,
Maruti Suzuki,Vitara Brezza,
Hyundai,I20 Active,
Ford,Ecosport,
Renault,Duster,
Hyundai,Verna,
Mahindra,Xuv300,
Renault,Lodgy,
Volkswagen,Vento,
Mahindra,E2O Plus,
Tata,Tigor Ev,
Honda,Brv,
Mahindra,Thar,
Force,Gurkha,
Maruti Suzuki,Xl6,
Fiat,Abarth Avventura,
Mahindra,Tuv300 Plus,
Mahindra,Marazzo,
Mahindra,Scorpio,
Skoda,Monte Carlo,
Mahindra,Xuv500,
Mahindra,E Verito,
Tata,Hexa,
Toyota,Innova Crysta,
Jeep,Compass,
Toyota,Corolla Altis,
Honda,Civic,
Mg,Zs Ev,
Kia,Carnival,
Skoda,Superb,
Mitsubishi,Outlander,
Volvo,V40,
Toyota,Fortuner,
Mitsubishi,Pajero Sport,
Ford,Endeavour,
Volvo,V40 Cross Country,
Mini,Cooper 3 Door,
Skoda,Kodiaq Scout,
Mini,Countryman,
Bmw,X1,
Toyota,Camry,
Volvo,S60,
Bmw,3-Series,
Honda,Accord Hybrid,
Volvo,S60 Cross Country,
Toyota,Prius,
Audi,Q5,
Land Rover Rover,Range Evoque,
Lexus,Es,
Bmw,5-Series,
Lexus,Nx 300H,
Audi,A5,
Jaguar,F-Pace,
Bmw,6-Series,
Volvo,V90 Cross Country,
Mitsubishi,Montero,
Audi,A5 Cabriolet,
Porsche,Macan,
Land Rover Rover,Range Velar,
Land Rover,Discovery,
Volvo,Xc90,
Land Rover Rover,Range Sport,
Jaguar,F-Type,
Jaguar,Xj,
Bmw,X7,
Porsche,Cayenne,
Porsche,Cayenne Coupe,
Maserati,Ghibli,
Bmw,M4,
Toyota,Land Cruiser,
Bmw,M5,
Audi,Rs7,
Porsche,911,
Land Rover Rover,Range,
Lexus,Lc 500H,
Porsche,Panamera,
Lexus,Lx 450D,
Audi,R8,
Lamborghini,Urus,
Bentley,Continental Gt,
Ferrari,Portofino,
Bentley,Bentayga,
Aston Martin,Db 11,
Ferrari,458 Speciale,
Bentley,Mulsanne,
Bugatti,Chiron,
Bajaj,Qute (Re60),
Maruti Suzuki,Alto,
Maruti Suzuki,S-Presso,
Maruti Suzuki,Celerio,
Hyundai,Grand I10 Prime,
Mahindra,Kuv100 Nxt,
Maruti Suzuki,Swift,
Tata,Altroz,
Icml,Extreme,
Tata,Tigor,
Tata,Zest,
Honda,Amaze,
Maruti Suzuki,Gypsy,
Hyundai,Venue,
Tata,Nexon,
Fiat,Linea,
Maruti Suzuki,Ertiga,
Maruti Suzuki,Baleno Rs,
Honda,Wr-V,
Mahindra,Tuv300,
Maruti Suzuki,S-Cross,
Renault,Captur,
Mahindra,Xylo,
Kia,Seltos,
Nissan,Terrano,
Tata,Safari Storme,
Mg,Hector,
Tata,Nexon Ev,
Hyundai,Elantra,
Hyundai,Tucson,
Volkswagen,Passat,
Isuzu,Mu-X,
Volkswagen,Tiguan,
Skoda,Superb Sportline,
Skoda,Kodiaq,
Audi,Q3,
Mini,Convertible,
Mini,Clubman,
Mini,John Cooper Works,
Jaguar,Xf,
Audi,A6,
Land Rover,Discovery Sport,
Volvo,Xc60,
Jeep,Wrangler,
Bmw,Z4 Roadster,
Audi,Q7,
Audi,S5,
Ford,Mustang,
Porsche,718,
Toyota,Land Cruiser Prado,
Audi,Rs5,
Audi,Q8,
Maserati,Levante,
Audi,A8 L,
Maserati,Quattroporte,
Maserati,Grancabrio,
Lamborghini,Huracan,
Ferrari,488 Gtb,
Ferrari,Gtc4 Lusso,
Lamborghini,Aventador,
Maruti Suzuki,Omni,
Fiat,Punto Evo Pure,
Ford,Figo,
Maruti Suzuki,Baleno,
Hyundai,Grand I10,
Fiat,Linea Classic,
Nissan,Sunny,
Mahindra,Bolero,
Maruti Suzuki,Ciaz,
Skoda,Rapid,
Fiat,Abarth Punto,
Hyundai,Creta,
Tata,Harrier,
Isuzu,Dmax V-Cross,
Jeep,Compass Trailhawk,
Honda,Cr-V,
Mini,Cooper 5 Door,
Audi,A4,
Audi,A3 Cabriolet,
Volvo,S90,
Land Rover Rover,Range Evoque Convertible,
Jeep,Grand Cherokee,
Bmw,7-Series,
Maruti Suzuki,Alto 800 Tour,
Hyundai,Grand I10 Nios,
Hyundai,Xcent,
Nissan,Micra,
Mahindra,Nuvosport,
Nissan,Kicks,
Tata,Winger,
Hyundai,Kona Electric,
Audi,A3,
Volvo,Xc40,
Bmw,X3,
Nissan,Gtr,
Aston Martin,Rapide,
Maruti Suzuki R,Wagon,
Tata,Tiago Nrg,
Toyota,Yaris,
Skoda,Octavia,
Dc,Avanti,
Bmw,X4,
Lexus,Rx 450H,
Aston Martin,Vantage,
Fiat,Punto Evo,
Honda,City,
Jaguar,Xe,
Maserati,Granturismo,
Mahindra,Verito,
Bmw,X5,
Mahindra,Alturas G4,
Ferrari,812 Superfast,
